testLogo,PROFILE_ADDED_FOR_GIST/ntestLogo,PROFILE_ADDED_FOR_HOG/ntestLogo,PROFILE_ADDED_FOR_GIST

testLogo,PROFILE_ADDED_FOR_HOG

testLogo,PROFILE_ADDED_FOR_GIST

testLogo,PROFILE_ADDED_FOR_HOG

testLogo,PROFILE_ADDED_FOR_GIST

testLogo,PROFILE_ADDED_FOR_HOG

testLogo,PROFILE_ADDED_FOR_GIST

testLogo,PROFILE_ADDED_FOR_HOG

testLogo,PROFILE_ADDED_FOR_GIST

testLogo,PROFILE_ADDED_FOR_HOG

testLogo,PROFILE_ADDED_FOR_GIST

testLogo,PROFILE_ADDED_FOR_HOG

testLogo,PROFILE_ADDED_FOR_GIST

testLogo,PROFILE_ADDED_FOR_HOG

testLogo,PROFILE_ADDED_FOR_GIST

testLogo,PROFILE_ADDED_FOR_HOG

testLogo,PROFILE_ADDED_FOR_GIST

testLogo,PROFILE_ADDED_FOR_HOG

testLogo,PROFILE_ADDED_FOR_GIST

testLogo,PROFILE_ADDED_FOR_HOG

testLogo,PROFILE_ADDED_FOR_GIST

testLogo,PROFILE_ADDED_FOR_HOG

testLogo,PROFILE_ADDED_FOR_GIST

testLogo,PROFILE_ADDED_FOR_HOG

testLogo,PROFILE_ADDED_FOR_GIST

testLogo,PROFILE_ADDED_FOR_HOG

testLogo,PROFILE_ADDED_FOR_GIST

testLogo,PROFILE_ADDED_FOR_HOG

testLogo,PROFILE_ADDED_FOR_GIST

testLogo,PROFILE_ADDED_FOR_HOG

testLogo,PROFILE_ADDED_FOR_GIST

testLogo,PROFILE_ADDED_FOR_HOG

testLogo,PROFILE_ADDED_FOR_GIST

testLogo,PROFILE_ADDED_FOR_HOG

testLogo,PROFILE_ADDED_FOR_GIST

testLogo,PROFILE_ADDED_FOR_HOG

testLogo,PROFILE_ADDED_FOR_GIST

testLogo,PROFILE_ADDED_FOR_HOG

testLogo,PROFILE_ADDED_FOR_GIST

testLogo,PROFILE_ADDED_FOR_HOG

testLogo,PROFILE_ADDED_FOR_GIST

testLogo,PROFILE_ADDED_FOR_HOG

nvdia,PROFILE_ADDED_FOR_GIST

nvdia,PROFILE_ADDED_FOR_HOG

testLogo,PROFILE_ADDED_FOR_GIST

testLogo,PROFILE_ADDED_FOR_HOG

testLogo,PROFILE_ADDED_FOR_GIST

testLogo,PROFILE_ADDED_FOR_HOG

nvdia,PROFILE_ADDED_FOR_GIST

nvdia,PROFILE_ADDED_FOR_HOG

nvdia,PROFILE_ADDED_FOR_GIST

nvdia,PROFILE_ADDED_FOR_HOG

bigBazar,PROFILE_ADDED_FOR_GIST

bigBazar,PROFILE_ADDED_FOR_HOG

bigBazar,PROFILE_ADDED_FOR_GIST

bigBazar,PROFILE_ADDED_FOR_HOG

uber,PROFILE_ADDED_FOR_GIST

uber,PROFILE_ADDED_FOR_HOG

uber,PROFILE_ADDED_FOR_GIST

uber,PROFILE_ADDED_FOR_HOG

castrol,PROFILE_ADDED_FOR_GIST

castrol,PROFILE_ADDED_FOR_HOG

castrol,PROFILE_ADDED_FOR_GIST

castrol,PROFILE_ADDED_FOR_HOG

github,PROFILE_ADDED_FOR_GIST

github,PROFILE_ADDED_FOR_HOG

github,PROFILE_ADDED_FOR_GIST

github,PROFILE_ADDED_FOR_HOG

hoover,PROFILE_ADDED_FOR_GIST

hoover,PROFILE_ADDED_FOR_HOG

hoover,PROFILE_ADDED_FOR_GIST

hoover,PROFILE_ADDED_FOR_HOG

chervolet,PROFILE_ADDED_FOR_GIST

chervolet,PROFILE_ADDED_FOR_HOG

chervolet,PROFILE_ADDED_FOR_GIST

chervolet,PROFILE_ADDED_FOR_HOG

fanta,PROFILE_ADDED_FOR_GIST

fanta,PROFILE_ADDED_FOR_HOG

fanta,PROFILE_ADDED_FOR_GIST

fanta,PROFILE_ADDED_FOR_HOG

7up,PROFILE_ADDED_FOR_GIST

7up,PROFILE_ADDED_FOR_HOG

7up,PROFILE_ADDED_FOR_GIST

7up,PROFILE_ADDED_FOR_HOG

airIndia,PROFILE_ADDED_FOR_GIST

airIndia,PROFILE_ADDED_FOR_HOG

airIndia,PROFILE_ADDED_FOR_GIST

airIndia,PROFILE_ADDED_FOR_HOG

cbc,PROFILE_ADDED_FOR_GIST

cbc,PROFILE_ADDED_FOR_HOG

cbc,PROFILE_ADDED_FOR_GIST

cbc,PROFILE_ADDED_FOR_HOG

budwiser,PROFILE_ADDED_FOR_GIST

budwiser,PROFILE_ADDED_FOR_HOG

budwiser,PROFILE_ADDED_FOR_GIST

budwiser,PROFILE_ADDED_FOR_HOG

docker,PROFILE_ADDED_FOR_GIST

docker,PROFILE_ADDED_FOR_HOG

docker,PROFILE_ADDED_FOR_GIST

docker,PROFILE_ADDED_FOR_HOG

